{"assets/images/0.png":["assets/images/0.png"],"assets/images/1.png":["assets/images/1.png"],"assets/images/2.png":["assets/images/2.png"],"assets/images/3.png":["assets/images/3.png"],"assets/images/4.png":["assets/images/4.png"],"assets/images/A.png":["assets/images/A.png"],"assets/images/ANC.png":["assets/images/ANC.png"],"assets/images/Aleksandar.jpg":["assets/images/Aleksandar.jpg"],"assets/images/Imagem9.png":["assets/images/Imagem9.png"],"assets/images/apoio.png":["assets/images/apoio.png"],"assets/images/assiNasce.mp4":["assets/images/assiNasce.mp4"],"assets/images/ativi.png":["assets/images/ativi.png"],"assets/images/avatar_default.png":["assets/images/avatar_default.png"],"assets/images/bannerPic.png":["assets/images/bannerPic.png"],"assets/images/bulb.png":["assets/images/bulb.png"],"assets/images/casperProject.png":["assets/images/casperProject.png"],"assets/images/coffee_paperclips_pencil_angled_bw_w1080.jpg":["assets/images/coffee_paperclips_pencil_angled_bw_w1080.jpg"],"assets/images/costAction.png":["assets/images/costAction.png"],"assets/images/happykids.png":["assets/images/happykids.png"],"assets/images/iphone_cactus_tea_overhead_bw_w1080.jpg":["assets/images/iphone_cactus_tea_overhead_bw_w1080.jpg"],"assets/images/joy_note_coffee_eyeglasses_overhead_bw_w1080.jpg":["assets/images/joy_note_coffee_eyeglasses_overhead_bw_w1080.jpg"],"assets/images/logo.png":["assets/images/logo.png"],"assets/images/main.png":["assets/images/main.png"],"assets/images/mugs_side_bw_w1080.jpg":["assets/images/mugs_side_bw_w1080.jpg"],"assets/images/nonprofit.png":["assets/images/nonprofit.png"],"assets/images/ogo.png":["assets/images/ogo.png"],"assets/images/olivro.jpg":["assets/images/olivro.jpg"],"assets/images/omundo.png":["assets/images/omundo.png"],"assets/images/paper_flower_overhead_bw_w1080.jpg":["assets/images/paper_flower_overhead_bw_w1080.jpg"],"assets/images/parceiros.png":["assets/images/parceiros.png"],"assets/images/pormaiskids.png":["assets/images/pormaiskids.png"],"assets/images/pormaiskidsmobile.png":["assets/images/pormaiskidsmobile.png"],"assets/images/rude.PNG":["assets/images/rude.PNG"],"assets/images/sersolidario.png":["assets/images/sersolidario.png"],"assets/images/shakehands.png":["assets/images/shakehands.png"],"assets/images/soudigitall.png":["assets/images/soudigitall.png"],"assets/images/typewriter_overhead_bw_w1080.jpg":["assets/images/typewriter_overhead_bw_w1080.jpg"],"assets/images/upfamilies.png":["assets/images/upfamilies.png"],"packages/cupertino_icons/assets/CupertinoIcons.ttf":["packages/cupertino_icons/assets/CupertinoIcons.ttf"],"packages/font_awesome_flutter/lib/fonts/fa-brands-400.ttf":["packages/font_awesome_flutter/lib/fonts/fa-brands-400.ttf"],"packages/font_awesome_flutter/lib/fonts/fa-regular-400.ttf":["packages/font_awesome_flutter/lib/fonts/fa-regular-400.ttf"],"packages/font_awesome_flutter/lib/fonts/fa-solid-900.ttf":["packages/font_awesome_flutter/lib/fonts/fa-solid-900.ttf"],"packages/loading_gifs/assets/images/circular_progress_indicator.gif":["packages/loading_gifs/assets/images/circular_progress_indicator.gif"],"packages/loading_gifs/assets/images/circular_progress_indicator_small.gif":["packages/loading_gifs/assets/images/circular_progress_indicator_small.gif"],"packages/loading_gifs/assets/images/cupertino_activity_indicator.gif":["packages/loading_gifs/assets/images/cupertino_activity_indicator.gif"],"packages/loading_gifs/assets/images/cupertino_activity_indicator_small.gif":["packages/loading_gifs/assets/images/cupertino_activity_indicator_small.gif"],"packages/loading_gifs/assets/images/placeholder_empty.png":["packages/loading_gifs/assets/images/placeholder_empty.png"]}